"","id","altura"
"1",1,"1,63"
"2",2,"167cm"
"3",3,"1,89"
"4",4,"1.71m"
"5",5,"1.72m"
"6",6,"1,91"
"7",7,"1,76"
"8",8,"1,55"
"9",9,"1.62m"
"10",10,"165"
"11",11,"1.85"
"12",12,"1.74m"
"13",13,"1.75"
"14",14,"1.71"
"15",15,"1.63"
"16",16,"1,91"
"17",17,"176"
"18",18,"1.46m"
"19",19,"178cm"
"20",20,"b1.64"
"21",21,"157cm"
"22",22,"1.67m"
"23",23,"1.58"
"24",24,"161"
"25",25,"1.62m"
"26",26,"1.50"
"27",27,"180cm"
"28",28,"172"
"29",29,"1.56m"
"30",30,"1.85m"
"31",31,"175"
"32",32,"b1.66"
"33",33,"@1.81"
"34",34,"1.81"
"35",35,"180"
"36",36,"1,78"
"37",37,"177"
"38",38,"1.69m"
"39",39,"1.66m"
"40",40,"1,65"
"41",41,"b1.62"
"42",42,"1,68"
"43",43,"b1.55"
"44",44,"1.96"
"45",45,"184"
"46",46,"1.57m"
"47",47,"165"
"48",48,"1,64"
"49",49,"179cm"
"50",50,"1,69"
"51",51,"173cm"
"52",52,"1.70m"
"53",53,"a1.69"
"54",54,"186"
"55",55,"1.67m"
"56",56,"?1.88"
"57",57,"1,51"
"58",58,"@1.77"
"59",59,"1.71"
"60",60,"173"
"61",61,"1.75m"
"62",62,"1,64"
"63",63,"166"
"64",64,"1.58"
"65",65,"1.57"
"66",66,"1,74"
"67",67,"1,75"
"68",68,"1.71"
"69",69,"181"
"70",70,"1,95"
"71",71,"164"
"72",72,"1.42"
"73",73,"1,82"
"74",74,"161"
"75",75,"@1.62"
"76",76,"1,82"
"77",77,"1,67"
"78",78,"1.55m"
"79",79,"172"
"80",80,"a1.68"
"81",81,"1.70"
"82",82,"1,75"
"83",83,"1,66"
"84",84,"1.78"
"85",85,"a1.67"
"86",86,"174"
"87",87,"183cm"
"88",88,"1.75"
"89",89,"1.66"
"90",90,"a1.84"
"91",91,"1,82"
"92",92,"1,77"
"93",93,"1,73"
"94",94,"1.62m"
"95",95,"a1.86"
"96",96,"163cm"
"97",97,"1.96"
"98",98,"188cm"
"99",99,"1.67m"
"100",100,"1.58"
"101",101,"1.61"
"102",102,"173"
"103",103,"167"
"104",104,"@1.66"
"105",105,"1,59"
"106",106,"169cm"
"107",107,"161"
"108",108,"1,50"
"109",109,"b1.65"
"110",110,"1.81m"
"111",111,"1,63"
"112",112,"?1.77"
"113",113,"151"
"114",114,"1.69"
"115",115,"1.76m"
"116",116,"174"
"117",117,"1.71"
"118",118,"162cm"
"119",119,"160cm"
"120",120,"1.58m"
"121",121,"171cm"
"122",122,"1,59"
"123",123,"1,64"
"124",124,"1.67"
"125",125,"192cm"
"126",126,"a1.62"
"127",127,"b1.73"
"128",128,"1,71"
"129",129,"1,58"
"130",130,"1,69"
"131",131,"1.87"
"132",132,"1,75"
"133",133,"b1.70"
"134",134,"1.65m"
"135",135,"1,45"
"136",136,"184"
"137",137,"?1.52"
"138",138,"1.79m"
"139",139,"1,93"
"140",140,"153cm"
"141",141,"1.78m"
"142",142,"?1.67"
"143",143,"1.51"
"144",144,"1,52"
"145",145,"1,51"
"146",146,"164cm"
"147",147,"152cm"
"148",148,"1.78m"
"149",149,"1.95"
"150",150,"1,55"
"151",151,"179"
"152",152,"1,79"
"153",153,"1.74m"
"154",154,"1,58"
"155",155,"1.69"
"156",156,"a1.67"
"157",157,"1.77m"
"158",158,"166cm"
"159",159,"182cm"
"160",160,"?1.66"
"161",161,"183cm"
"162",162,"1.57"
"163",163,"155cm"
"164",164,"2.09m"
"165",165,"165cm"
"166",166,"1.74m"
"167",167,"178"
"168",168,"1,64"
"169",169,"176cm"
"170",170,"174cm"
"171",171,"167"
"172",172,"b1.71"
"173",173,"170"
"174",174,"196"
"175",175,"1.61m"
"176",176,"1.57m"
"177",177,"170cm"
"178",178,"1,74"
"179",179,"1,75"
"180",180,"@1.64"
"181",181,"a1.57"
"182",182,"1,85"
"183",183,"1,66"
"184",184,"1,60"
"185",185,"1,67"
"186",186,"1,68"
"187",187,"1.83"
"188",188,"b1.71"
"189",189,"1.79"
"190",190,"164cm"
"191",191,"b1.73"
"192",192,"1.66"
"193",193,"1.71m"
"194",194,"a1.59"
"195",195,"1.54m"
"196",196,"194cm"
"197",197,"1.77"
"198",198,"a1.55"
"199",199,"1,63"
"200",200,"156cm"
"201",201,"1.96"
"202",202,"1.86"
"203",203,"167"
"204",204,"1,77"
"205",205,"1.65"
"206",206,"1,64"
"207",207,"1.61"
"208",208,"163cm"
"209",209,"1,90"
"210",210,"1,69"
"211",211,"1,71"
"212",212,"1,73"
"213",213,"1.85m"
"214",214,"1,64"
"215",215,"1,58"
"216",216,"190cm"
"217",217,"@1.65"
"218",218,"161cm"
"219",219,"155cm"
"220",220,"1.55m"
"221",221,"1,63"
"222",222,"177cm"
"223",223,"1.83m"
"224",224,"1,78"
"225",225,"1,66"
"226",226,"171cm"
"227",227,"162cm"
"228",228,"a1.61"
"229",229,"1.81"
"230",230,"1,58"
"231",231,"1.93"
"232",232,"?1.69"
"233",233,"1.73"
"234",234,"1,61"
"235",235,"1,63"
"236",236,"1,54"
"237",237,"?1.68"
"238",238,"175"
"239",239,"174"
"240",240,"161cm"
"241",241,"161"
"242",242,"164cm"
"243",243,"1,88"
"244",244,"156"
"245",245,"1.68m"
"246",246,"1,93"
"247",247,"1.69"
"248",248,"1,54"
"249",249,"1.62"
"250",250,"176"
"251",251,"?1.65"
"252",252,"1,63"
"253",253,"166"
"254",254,"?1.71"
"255",255,"1.89m"
"256",256,"169cm"
"257",257,"183cm"
"258",258,"1.78"
"259",259,"1,69"
"260",260,"1.52m"
"261",261,"164"
"262",262,"1.64m"
"263",263,"171cm"
"264",264,"1.86m"
"265",265,"198cm"
"266",266,"1.89"
"267",267,"168"
"268",268,"149"
"269",269,"165cm"
"270",270,"?1.71"
"271",271,"1.80"
"272",272,"182cm"
"273",273,"1.78"
"274",274,"1.53"
"275",275,"a1.80"
"276",276,"1,65"
"277",277,"172"
"278",278,"@1.71"
"279",279,"1.75"
"280",280,"@1.70"
"281",281,"150cm"
"282",282,"179cm"
"283",283,"175cm"
"284",284,"1,67"
"285",285,"1,71"
"286",286,"1.72"
"287",287,"1.73"
"288",288,"a1.90"
"289",289,"167cm"
"290",290,"172"
"291",291,"a1.84"
"292",292,"183cm"
"293",293,"1.84m"
"294",294,"1.63"
"295",295,"194"
"296",296,"?1.71"
"297",297,"192cm"
"298",298,"1,54"
"299",299,"1,70"
"300",300,"?1.85"
"301",301,"1.61"
"302",302,"?1.61"
"303",303,"1,59"
"304",304,"1.57m"
"305",305,"1,65"
"306",306,"1,74"
"307",307,"1.46m"
"308",308,"1,73"
"309",309,"185cm"
"310",310,"1.94"
"311",311,"?1.86"
"312",312,"179"
"313",313,"@1.49"
"314",314,"?1.63"
"315",315,"1,66"
"316",316,"@1.78"
"317",317,"@1.69"
"318",318,"1.55m"
"319",319,"1.90"
"320",320,"?1.81"
"321",321,"173"
"322",322,"185"
"323",323,"b1.54"
"324",324,"1,78"
"325",325,"164cm"
"326",326,"178cm"
"327",327,"1.69"
"328",328,"1,78"
"329",329,"186cm"
"330",330,"a1.70"
"331",331,"a1.82"
"332",332,"1,56"
"333",333,"161"
"334",334,"@1.88"
"335",335,"1.75m"
"336",336,"@1.45"
"337",337,"1,54"
"338",338,"1.68m"
"339",339,"1.80m"
"340",340,"b1.69"
"341",341,"?1.77"
"342",342,"?1.82"
"343",343,"1.90"
"344",344,"1,71"
"345",345,"1.69"
"346",346,"1.49m"
"347",347,"171"
"348",348,"1.63"
"349",349,"1.58m"
"350",350,"1.68"
"351",351,"@1.82"
"352",352,"1.46"
"353",353,"1,65"
"354",354,"1,71"
"355",355,"1,59"
"356",356,"?1.74"
"357",357,"1.75"
"358",358,"170cm"
"359",359,"1.40"
"360",360,"2.01"
"361",361,"168"
"362",362,"178cm"
"363",363,"173"
"364",364,"182"
"365",365,"180cm"
"366",366,"1.67"
"367",367,"1,75"
"368",368,"1.59"
"369",369,"180cm"
"370",370,"1.64"
"371",371,"?1.99"
"372",372,"150cm"
"373",373,"164cm"
"374",374,"1.80m"
"375",375,"@1.76"
"376",376,"163"
"377",377,"158cm"
"378",378,"172cm"
"379",379,"1.70"
"380",380,"149"
"381",381,"1.70"
"382",382,"1.72"
"383",383,"172cm"
"384",384,"1.57m"
"385",385,"176"
"386",386,"1.87"
"387",387,"1.75m"
"388",388,"1.56"
"389",389,"a1.65"
"390",390,"a1.74"
"391",391,"1,62"
"392",392,"1.44m"
"393",393,"1.81"
"394",394,"1.60m"
"395",395,"1.63"
"396",396,"188cm"
"397",397,"161cm"
"398",398,"180cm"
"399",399,"1.55m"
"400",400,"b1.66"
"401",401,"1,69"
"402",402,"a1.56"
"403",403,"162"
"404",404,"1.70m"
"405",405,"1.78m"
"406",406,"1.50m"
"407",407,"a1.66"
"408",408,"1,79"
"409",409,"1,64"
"410",410,"1.73"
"411",411,"176"
"412",412,"173cm"
"413",413,"1,78"
"414",414,"1,69"
"415",415,"165"
"416",416,"1.38m"
"417",417,"169"
"418",418,"1.75m"
"419",419,"176"
"420",420,"@1.63"
"421",421,"191cm"
"422",422,"1.73m"
"423",423,"172"
"424",424,"1,85"
"425",425,"1.61"
"426",426,"165cm"
"427",427,"199cm"
"428",428,"170"
"429",429,"190cm"
"430",430,"1.53"
"431",431,"1.68m"
"432",432,"1.75m"
"433",433,"1.74"
"434",434,"158cm"
"435",435,"1,70"
"436",436,"157"
"437",437,"1.79"
"438",438,"1.83m"
"439",439,"1,43"
"440",440,"1,85"
"441",441,"155cm"
"442",442,"175cm"
"443",443,"1,78"
"444",444,"1,68"
"445",445,"162cm"
"446",446,"1.72m"
"447",447,"@1.75"
"448",448,"181cm"
"449",449,"1,45"
"450",450,"150"
"451",451,"1.87"
"452",452,"1,83"
"453",453,"1.75m"
"454",454,"179cm"
"455",455,"181"
"456",456,"1,38"
"457",457,"1.83m"
"458",458,"1.64"
"459",459,"1.73"
"460",460,"1.66"
"461",461,"180"
"462",462,"1,66"
"463",463,"1.76"
"464",464,"1,65"
"465",465,"157cm"
"466",466,"1.85"
"467",467,"179cm"
"468",468,"1.91m"
"469",469,"171"
"470",470,"1,84"
"471",471,"a1.94"
"472",472,"1.67m"
"473",473,"154"
"474",474,"1,67"
"475",475,"1.67"
"476",476,"172"
"477",477,"1,91"
"478",478,"1.66"
"479",479,"1.74"
"480",480,"167cm"
"481",481,"170"
"482",482,"1,74"
"483",483,"186"
"484",484,"171cm"
"485",485,"1,79"
"486",486,"179cm"
"487",487,"a1.81"
"488",488,"1.63m"
"489",489,"190"
"490",490,"@1.65"
"491",491,"169cm"
"492",492,"?1.87"
"493",493,"1.86"
"494",494,"1.57m"
"495",495,"@1.60"
"496",496,"a1.54"
"497",497,"172"
"498",498,"1.72"
"499",499,"1.74"
"500",500,"177"
"501",501,"163"
"502",502,"158"
"503",503,"182cm"
"504",504,"179cm"
"505",505,"?1.52"
"506",506,"1.69"
"507",507,"a1.59"
"508",508,"@1.45"
"509",509,"1.72"
"510",510,"1,69"
"511",511,"169"
"512",512,"1.73"
"513",513,"1.81m"
"514",514,"b1.72"
"515",515,"163"
"516",516,"a1.61"
"517",517,"?1.68"
"518",518,"1,74"
"519",519,"1.58"
"520",520,"1.68"
"521",521,"1,82"
"522",522,"169"
"523",523,"162cm"
"524",524,"1.67m"
"525",525,"?1.83"
"526",526,"177"
"527",527,"185"
"528",528,"b1.72"
"529",529,"1.75"
"530",530,"1.63"
"531",531,"1.77m"
"532",532,"164cm"
"533",533,"1,53"
"534",534,"a1.72"
"535",535,"a1.93"
"536",536,"1.80m"
"537",537,"1.84m"
"538",538,"174"
"539",539,"1,63"
"540",540,"a1.68"
"541",541,"167"
"542",542,"164cm"
"543",543,"1,78"
"544",544,"1.56m"
"545",545,"180cm"
"546",546,"1,80"
"547",547,"1,56"
"548",548,"?1.78"
"549",549,"1.99"
"550",550,"1,63"
"551",551,"180cm"
"552",552,"161cm"
"553",553,"1.83m"
"554",554,"1,73"
"555",555,"190"
"556",556,"1,52"
"557",557,"169"
"558",558,"?1.64"
"559",559,"1,68"
"560",560,"162cm"
"561",561,"1,60"
"562",562,"1,77"
"563",563,"157cm"
"564",564,"b1.88"
"565",565,"1.56"
"566",566,"@1.71"
"567",567,"1,76"
"568",568,"1,77"
"569",569,"166"
"570",570,"@1.71"
"571",571,"182"
"572",572,"b1.53"
"573",573,"1,61"
"574",574,"1.74"
"575",575,"?1.65"
"576",576,"1.86m"
"577",577,"a1.78"
"578",578,"1.71"
"579",579,"1.52"
"580",580,"170cm"
"581",581,"1,66"
"582",582,"1,69"
"583",583,"156cm"
"584",584,"176cm"
"585",585,"1.58m"
"586",586,"167cm"
"587",587,"175"
"588",588,"1.61"
"589",589,"1,77"
"590",590,"a1.54"
"591",591,"136cm"
"592",592,"@1.76"
"593",593,"1.80"
"594",594,"1.67m"
"595",595,"176cm"
"596",596,"156"
"597",597,"168"
"598",598,"1.47"
"599",599,"1.84m"
"600",600,"a1.92"
"601",601,"1,83"
"602",602,"1.70m"
"603",603,"170"
"604",604,"1,52"
"605",605,"1,79"
"606",606,"167cm"
"607",607,"162cm"
"608",608,"153"
"609",609,"1,66"
"610",610,"?1.60"
"611",611,"1.65"
"612",612,"b1.55"
"613",613,"a1.90"
"614",614,"1,70"
"615",615,"1,83"
"616",616,"139cm"
"617",617,"1.65"
"618",618,"162"
"619",619,"1.55m"
"620",620,"189cm"
"621",621,"1.53m"
"622",622,"1,74"
"623",623,"180cm"
"624",624,"1.72"
"625",625,"159"
"626",626,"1,81"
"627",627,"172"
"628",628,"1.57"
"629",629,"1,53"
"630",630,"195"
"631",631,"b1.62"
"632",632,"148"
"633",633,"1.76"
"634",634,"1,74"
"635",635,"154cm"
"636",636,"@1.47"
"637",637,"1,69"
"638",638,"1,84"
"639",639,"1.78"
"640",640,"1.64m"
"641",641,"1.60"
"642",642,"173"
"643",643,"172cm"
"644",644,"@1.78"
"645",645,"1.65"
"646",646,"1,81"
"647",647,"@1.60"
"648",648,"b1.66"
"649",649,"1.79"
"650",650,"1.82m"
"651",651,"1,47"
"652",652,"a1.71"
"653",653,"177cm"
"654",654,"153"
"655",655,"176cm"
"656",656,"160cm"
"657",657,"?1.82"
"658",658,"1.76m"
"659",659,"1.79m"
"660",660,"1,71"
"661",661,"180"
"662",662,"1.87"
"663",663,"194cm"
"664",664,"1.70"
"665",665,"1,43"
"666",666,"1,70"
"667",667,"1.72"
"668",668,"1,68"
"669",669,"177cm"
"670",670,"1,82"
"671",671,"a1.64"
"672",672,"166"
"673",673,"175"
"674",674,"163cm"
"675",675,"b1.71"
"676",676,"a1.46"
"677",677,"157"
"678",678,"a1.54"
"679",679,"160"
"680",680,"1,62"
"681",681,"1,75"
"682",682,"182cm"
"683",683,"1.61m"
"684",684,"158cm"
"685",685,"1,57"
"686",686,"1.65m"
"687",687,"167cm"
"688",688,"b1.76"
"689",689,"1.66"
"690",690,"1,45"
"691",691,"1.69"
"692",692,"184"
"693",693,"1,84"
"694",694,"?1.61"
"695",695,"1.51m"
"696",696,"1.99m"
"697",697,"1,68"
"698",698,"a1.69"
"699",699,"175cm"
"700",700,"1.51m"
"701",701,"1,61"
"702",702,"?1.52"
"703",703,"1,62"
"704",704,"1.71m"
"705",705,"a1.54"
"706",706,"177cm"
"707",707,"173"
"708",708,"159"
"709",709,"173"
"710",710,"1.79m"
"711",711,"1.83m"
"712",712,"167"
"713",713,"@1.69"
"714",714,"1,69"
"715",715,"@1.87"
"716",716,"?1.84"
"717",717,"1.80m"
"718",718,"1.67"
"719",719,"174cm"
"720",720,"175cm"
"721",721,"1.57"
"722",722,"149cm"
"723",723,"1.78m"
"724",724,"1.52"
"725",725,"1.70"
"726",726,"173"
"727",727,"1,77"
"728",728,"1.72"
"729",729,"1.61"
"730",730,"1.82"
"731",731,"1,91"
"732",732,"1.81"
"733",733,"b1.47"
"734",734,"1.87m"
"735",735,"169cm"
"736",736,"1,76"
"737",737,"1,77"
"738",738,"169cm"
"739",739,"?1.69"
"740",740,"1.82m"
"741",741,"1.79m"
"742",742,"182"
"743",743,"1.99m"
"744",744,"1.78"
"745",745,"172cm"
"746",746,"143"
"747",747,"a2.02"
"748",748,"164cm"
"749",749,"@1.98"
"750",750,"@1.74"
"751",751,"188"
"752",752,"b1.69"
"753",753,"b1.76"
"754",754,"a1.73"
"755",755,"1.68"
"756",756,"169"
"757",757,"?1.82"
"758",758,"1.68m"
"759",759,"@1.46"
"760",760,"1.68m"
"761",761,"1.76m"
"762",762,"177cm"
"763",763,"a1.77"
"764",764,"150cm"
"765",765,"174"
"766",766,"b1.82"
"767",767,"a1.85"
"768",768,"b1.67"
"769",769,"1,66"
"770",770,"1,88"
"771",771,"150cm"
"772",772,"1,65"
"773",773,"b1.75"
"774",774,"1.51"
"775",775,"1.73m"
"776",776,"193cm"
"777",777,"1,70"
"778",778,"1.67m"
"779",779,"1,76"
"780",780,"1.67"
"781",781,"180"
"782",782,"1,81"
"783",783,"1,70"
"784",784,"156cm"
"785",785,"1,54"
"786",786,"1.63m"
"787",787,"1,80"
"788",788,"1,47"
"789",789,"?1.47"
"790",790,"1.62"
"791",791,"1,75"
"792",792,"1.59m"
"793",793,"1,81"
"794",794,"1,74"
"795",795,"168"
"796",796,"?1.80"
"797",797,"1,75"
"798",798,"b1.65"
"799",799,"1,73"
"800",800,"b1.78"
"801",801,"1.74"
"802",802,"1.62"
"803",803,"1.80"
"804",804,"1.84"
"805",805,"1,73"
"806",806,"1,72"
"807",807,"1.69m"
"808",808,"1.96m"
"809",809,"1,73"
"810",810,"b1.68"
"811",811,"140"
"812",812,"1.51"
"813",813,"1,69"
"814",814,"1,72"
"815",815,"b1.73"
"816",816,"@1.80"
"817",817,"1.68"
"818",818,"1,85"
"819",819,"1.59"
"820",820,"1.55m"
"821",821,"155cm"
"822",822,"1,79"
"823",823,"169cm"
"824",824,"1.79m"
"825",825,"@1.67"
"826",826,"1.63"
"827",827,"166cm"
"828",828,"148"
"829",829,"1,56"
"830",830,"?1.53"
"831",831,"a1.83"
"832",832,"163cm"
"833",833,"179"
"834",834,"1.88"
"835",835,"b1.68"
"836",836,"1.73m"
"837",837,"@1.49"
"838",838,"?1.60"
"839",839,"171"
"840",840,"b1.74"
"841",841,"161cm"
"842",842,"202"
"843",843,"?1.64"
"844",844,"171"
"845",845,"1.78"
"846",846,"170cm"
"847",847,"1,62"
"848",848,"183cm"
"849",849,"1.89"
"850",850,"170cm"
"851",851,"177cm"
"852",852,"169"
"853",853,"1.82"
"854",854,"1,56"
"855",855,"1,98"
"856",856,"1.63m"
"857",857,"152cm"
"858",858,"166"
"859",859,"1.72"
"860",860,"1.89"
"861",861,"1.81m"
"862",862,"1.72"
"863",863,"153cm"
"864",864,"1,60"
"865",865,"168"
"866",866,"201cm"
"867",867,"148cm"
"868",868,"1.84"
"869",869,"1,64"
"870",870,"190cm"
"871",871,"1,56"
"872",872,"a1.72"
"873",873,"157"
"874",874,"181"
"875",875,"1,88"
"876",876,"193cm"
"877",877,"1,80"
"878",878,"1,92"
"879",879,"1.85"
"880",880,"1.68m"
"881",881,"176"
"882",882,"1.58m"
"883",883,"?1.68"
"884",884,"185"
"885",885,"1.76"
"886",886,"b1.75"
"887",887,"158"
"888",888,"163cm"
"889",889,"1,61"
"890",890,"1,75"
"891",891,"@1.58"
"892",892,"b1.77"
"893",893,"157"
"894",894,"1,92"
"895",895,"?1.76"
"896",896,"1.62m"
"897",897,"173"
"898",898,"166cm"
"899",899,"1,74"
"900",900,"@1.73"
"901",901,"1.58m"
"902",902,"1.61m"
"903",903,"174"
"904",904,"1.90m"
"905",905,"1.83m"
"906",906,"b1.63"
"907",907,"1.80m"
"908",908,"1.69m"
"909",909,"1.74"
"910",910,"1.73"
"911",911,"201"
"912",912,"?1.56"
"913",913,"1,71"
"914",914,"1.49"
"915",915,"1.77"
"916",916,"183cm"
"917",917,"187cm"
"918",918,"147cm"
"919",919,"1.75"
"920",920,"1,89"
"921",921,"b1.65"
"922",922,"1,67"
"923",923,"1.70m"
"924",924,"1.74m"
"925",925,"178"
"926",926,"b1.86"
"927",927,"1,69"
"928",928,"b1.72"
"929",929,"200cm"
"930",930,"175cm"
"931",931,"172cm"
"932",932,"154"
"933",933,"1.70"
"934",934,"1.67m"
"935",935,"170cm"
"936",936,"@1.63"
"937",937,"162"
"938",938,"1,61"
"939",939,"1.67"
"940",940,"186"
"941",941,"1.83m"
"942",942,"?1.66"
"943",943,"1.50"
"944",944,"1.60m"
"945",945,"1.65"
"946",946,"1.71m"
"947",947,"1.62m"
"948",948,"194"
"949",949,"?1.67"
"950",950,"155cm"
"951",951,"168cm"
"952",952,"@1.58"
"953",953,"1.72m"
"954",954,"1.73"
"955",955,"174cm"
"956",956,"@1.51"
"957",957,"1.73m"
"958",958,"1.74"
"959",959,"1,53"
"960",960,"1.81m"
"961",961,"179"
"962",962,"1.98m"
"963",963,"a1.72"
"964",964,"171cm"
"965",965,"1.71m"
"966",966,"1,71"
"967",967,"148"
"968",968,"1.50"
"969",969,"1.69m"
"970",970,"1.63"
"971",971,"1.71"
"972",972,"145"
"973",973,"1.52m"
"974",974,"1.57"
"975",975,"182"
"976",976,"157cm"
"977",977,"1,60"
"978",978,"171"
"979",979,"a1.66"
"980",980,"172cm"
"981",981,"?1.98"
"982",982,"1,57"
"983",983,"1.66m"
"984",984,"1.64"
"985",985,"1.88m"
"986",986,"161"
"987",987,"1.69m"
"988",988,"1.79"
"989",989,"a1.57"
"990",990,"190"
"991",991,"178"
"992",992,"1,57"
"993",993,"b1.75"
"994",994,"1,67"
"995",995,"174cm"
"996",996,"169"
"997",997,"183cm"
"998",998,"1.54"
"999",999,"164cm"
"1000",1000,"?1.67"
"1001",1001,"1,58"
"1002",1002,"158"
"1003",1003,"170"
"1004",1004,"?1.68"
"1005",1005,"139"
"1006",1006,"1,82"
"1007",1007,"1,73"
"1008",1008,"199"
"1009",1009,"a1.78"
"1010",1010,"1.65"
"1011",1011,"2.04m"
"1012",1012,"2.04"
"1013",1013,"155"
"1014",1014,"176"
"1015",1015,"1,67"
"1016",1016,"1.72"
"1017",1017,"173"
"1018",1018,"155"
"1019",1019,"1,73"
"1020",1020,"1.91"
"1021",1021,"1.68"
"1022",1022,"?1.68"
"1023",1023,"1,87"
"1024",1024,"b1.81"
"1025",1025,"150cm"
"1026",1026,"1,73"
"1027",1027,"b1.90"
"1028",1028,"?1.87"
"1029",1029,"@1.75"
"1030",1030,"1,79"
"1031",1031,"156cm"
"1032",1032,"174"
"1033",1033,"159cm"
"1034",1034,"1.65"
"1035",1035,"a1.81"
"1036",1036,"156cm"
"1037",1037,"173"
"1038",1038,"1,75"
"1039",1039,"1.71m"
"1040",1040,"1.92"
"1041",1041,"1.58"
"1042",1042,"b1.77"
"1043",1043,"169cm"
"1044",1044,"167cm"
"1045",1045,"1.76m"
"1046",1046,"1,58"
"1047",1047,"1,54"
"1048",1048,"1.64m"
"1049",1049,"1.91m"
"1050",1050,"1.71m"
"1051",1051,"1.74"
"1052",1052,"a1.68"
"1053",1053,"@1.76"
"1054",1054,"1,59"
"1055",1055,"184cm"
"1056",1056,"177cm"
"1057",1057,"160"
"1058",1058,"b1.71"
"1059",1059,"1.79"
"1060",1060,"1,77"
"1061",1061,"1,88"
"1062",1062,"a1.63"
"1063",1063,"b1.83"
"1064",1064,"1,82"
"1065",1065,"1.68"
"1066",1066,"1.58m"
"1067",1067,"1.57"
"1068",1068,"1.75"
"1069",1069,"1.69m"
"1070",1070,"@1.91"
"1071",1071,"176cm"
"1072",1072,"166cm"
"1073",1073,"158cm"
"1074",1074,"1.63m"
"1075",1075,"1.74"
"1076",1076,"1,65"
"1077",1077,"176"
"1078",1078,"a1.66"
"1079",1079,"1.69"
"1080",1080,"161"
"1081",1081,"1.93"
"1082",1082,"1.74m"
"1083",1083,"@1.73"
"1084",1084,"1.50m"
"1085",1085,"1,78"
"1086",1086,"a1.58"
"1087",1087,"1,59"
"1088",1088,"1.81"
"1089",1089,"1.65m"
"1090",1090,"1.49m"
"1091",1091,"1.91"
"1092",1092,"@1.41"
"1093",1093,"177cm"
"1094",1094,"1.82"
"1095",1095,"1,62"
"1096",1096,"1.75m"
"1097",1097,"1.75m"
"1098",1098,"182"
"1099",1099,"176"
"1100",1100,"1.67m"
"1101",1101,"1.81"
"1102",1102,"180"
"1103",1103,"1.59"
"1104",1104,"153cm"
"1105",1105,"172cm"
"1106",1106,"167"
"1107",1107,"@1.58"
"1108",1108,"171cm"
"1109",1109,"154cm"
"1110",1110,"1.72m"
"1111",1111,"1,63"
"1112",1112,"1,81"
"1113",1113,"199cm"
"1114",1114,"a1.59"
"1115",1115,"?1.83"
"1116",1116,"1.80"
"1117",1117,"169"
"1118",1118,"?1.65"
"1119",1119,"1,89"
"1120",1120,"1.46"
"1121",1121,"162"
"1122",1122,"153cm"
"1123",1123,"1.87m"
"1124",1124,"1.68"
"1125",1125,"1,64"
"1126",1126,"2.08m"
"1127",1127,"b1.69"
"1128",1128,"165cm"
"1129",1129,"1.74m"
"1130",1130,"151cm"
"1131",1131,"1.76m"
"1132",1132,"1.69"
"1133",1133,"176cm"
"1134",1134,"158cm"
"1135",1135,"1.58"
"1136",1136,"1.62"
"1137",1137,"161cm"
"1138",1138,"1.86"
"1139",1139,"189"
"1140",1140,"168"
"1141",1141,"a1.66"
"1142",1142,"a1.66"
"1143",1143,"@1.71"
"1144",1144,"171"
"1145",1145,"1,73"
"1146",1146,"a1.61"
"1147",1147,"160"
"1148",1148,"b1.84"
"1149",1149,"163cm"
"1150",1150,"1.74m"
"1151",1151,"1,69"
"1152",1152,"1,59"
"1153",1153,"177cm"
"1154",1154,"1.72m"
"1155",1155,"1.87m"
"1156",1156,"171"
"1157",1157,"166"
"1158",1158,"173cm"
"1159",1159,"1.56m"
"1160",1160,"1.60m"
"1161",1161,"1.76"
"1162",1162,"1.66"
"1163",1163,"169cm"
"1164",1164,"1.69"
"1165",1165,"1,62"
"1166",1166,"146cm"
"1167",1167,"1.74m"
"1168",1168,"179cm"
"1169",1169,"1.55"
"1170",1170,"1,88"
"1171",1171,"175cm"
"1172",1172,"1,86"
"1173",1173,"159"
"1174",1174,"1.72m"
"1175",1175,"?1.69"
"1176",1176,"179"
"1177",1177,"1,63"
"1178",1178,"1.70"
"1179",1179,"a1.49"
"1180",1180,"a1.61"
"1181",1181,"a1.72"
"1182",1182,"?1.62"
"1183",1183,"1,69"
"1184",1184,"1.64"
"1185",1185,"177"
"1186",1186,"184cm"
"1187",1187,"160cm"
"1188",1188,"166cm"
"1189",1189,"187"
"1190",1190,"1.44"
"1191",1191,"1,66"
"1192",1192,"1.95m"
"1193",1193,"1,96"
"1194",1194,"172cm"
"1195",1195,"160cm"
"1196",1196,"1,72"
"1197",1197,"162"
"1198",1198,"187cm"
"1199",1199,"160"
"1200",1200,"1.74m"
"1201",1201,"177"
"1202",1202,"161"
"1203",1203,"1.80"
"1204",1204,"1,61"
"1205",1205,"178"
"1206",1206,"183"
"1207",1207,"158"
"1208",1208,"1.83m"
"1209",1209,"164cm"
"1210",1210,"1,74"
"1211",1211,"172cm"
"1212",1212,"1.65m"
"1213",1213,"1.73"
"1214",1214,"1,55"
"1215",1215,"168cm"
"1216",1216,"1,80"
"1217",1217,"1,44"
"1218",1218,"152"
"1219",1219,"b1.56"
"1220",1220,"151"
"1221",1221,"1,75"
"1222",1222,"1.58"
"1223",1223,"1.44m"
"1224",1224,"?1.62"
"1225",1225,"1,65"
"1226",1226,"1.80m"
"1227",1227,"1,57"
"1228",1228,"184"
"1229",1229,"1.75m"
"1230",1230,"174cm"
"1231",1231,"1.60"
"1232",1232,"193cm"
"1233",1233,"@1.68"
"1234",1234,"148"
"1235",1235,"168"
"1236",1236,"1.47"
"1237",1237,"166"
"1238",1238,"1.65"
"1239",1239,"178"
"1240",1240,"@1.82"
"1241",1241,"161"
"1242",1242,"1,80"
"1243",1243,"187cm"
"1244",1244,"1.61"
"1245",1245,"@1.62"
"1246",1246,"1,78"
"1247",1247,"1,72"
"1248",1248,"1,77"
"1249",1249,"1,87"
"1250",1250,"1,75"
"1251",1251,"183"
"1252",1252,"177cm"
"1253",1253,"1.75m"
"1254",1254,"1.75m"
"1255",1255,"1.85"
"1256",1256,"1.58m"
"1257",1257,"157"
"1258",1258,"177"
"1259",1259,"1,69"
"1260",1260,"171cm"
"1261",1261,"1.79m"
"1262",1262,"a1.79"
"1263",1263,"1.67m"
"1264",1264,"166cm"
"1265",1265,"a1.71"
"1266",1266,"1,83"
"1267",1267,"1.75m"
"1268",1268,"1.87m"
"1269",1269,"1,70"
"1270",1270,"1,84"
"1271",1271,"?1.81"
"1272",1272,"1.77"
"1273",1273,"1.75m"
"1274",1274,"1.67m"
"1275",1275,"1,69"
"1276",1276,"1.73"
"1277",1277,"1,71"
"1278",1278,"181cm"
"1279",1279,"1,69"
"1280",1280,"1.69"
"1281",1281,"1.64m"
"1282",1282,"168"
"1283",1283,"169"
"1284",1284,"142"
"1285",1285,"154cm"
"1286",1286,"1,69"
"1287",1287,"b1.67"
"1288",1288,"1.56m"
"1289",1289,"146cm"
"1290",1290,"1.66m"
"1291",1291,"178cm"
"1292",1292,"1,91"
"1293",1293,"1.70m"
"1294",1294,"1.88"
"1295",1295,"1.71m"
"1296",1296,"1,71"
"1297",1297,"174"
"1298",1298,"1.60m"
"1299",1299,"169cm"
"1300",1300,"1.81m"
"1301",1301,"1.61"
"1302",1302,"166cm"
"1303",1303,"@1.56"
"1304",1304,"174"
"1305",1305,"1,75"
"1306",1306,"178"
"1307",1307,"155"
"1308",1308,"a1.71"
"1309",1309,"159"
"1310",1310,"1,70"
"1311",1311,"186cm"
"1312",1312,"a1.64"
"1313",1313,"1,79"
"1314",1314,"161"
"1315",1315,"1.64"
"1316",1316,"1.75m"
"1317",1317,"162"
"1318",1318,"1,50"
"1319",1319,"1,85"
"1320",1320,"174cm"
"1321",1321,"1,63"
"1322",1322,"146"
"1323",1323,"193cm"
"1324",1324,"2.11"
"1325",1325,"a1.72"
"1326",1326,"1.80m"
"1327",1327,"?1.85"
"1328",1328,"162"
"1329",1329,"1,66"
"1330",1330,"149"
"1331",1331,"?1.61"
"1332",1332,"177"
"1333",1333,"1.67"
"1334",1334,"167"
"1335",1335,"169cm"
"1336",1336,"148"
"1337",1337,"1.80m"
"1338",1338,"153cm"
"1339",1339,"1.67m"
"1340",1340,"165"
"1341",1341,"?1.67"
"1342",1342,"1.88m"
"1343",1343,"163cm"
"1344",1344,"?1.61"
"1345",1345,"152cm"
"1346",1346,"160cm"
"1347",1347,"1.56"
"1348",1348,"1,75"
"1349",1349,"b1.60"
"1350",1350,"174cm"
"1351",1351,"1.68m"
"1352",1352,"153"
"1353",1353,"161cm"
"1354",1354,"1.81"
"1355",1355,"181"
"1356",1356,"194cm"
"1357",1357,"1.70"
"1358",1358,"152cm"
"1359",1359,"1.61"
"1360",1360,"1.75"
"1361",1361,"1,93"
"1362",1362,"1.71"
"1363",1363,"1.84"
"1364",1364,"179"
"1365",1365,"156"
"1366",1366,"168"
"1367",1367,"186cm"
"1368",1368,"181cm"
"1369",1369,"1,76"
"1370",1370,"1.76m"
"1371",1371,"a1.64"
"1372",1372,"1.54m"
"1373",1373,"@1.86"
"1374",1374,"153"
"1375",1375,"1.59"
"1376",1376,"1.78m"
"1377",1377,"155"
"1378",1378,"163cm"
"1379",1379,"1.56m"
"1380",1380,"177"
"1381",1381,"1.75m"
"1382",1382,"175"
"1383",1383,"175"
"1384",1384,"?1.77"
"1385",1385,"178"
"1386",1386,"1.46"
"1387",1387,"168cm"
"1388",1388,"@1.71"
"1389",1389,"1.79m"
"1390",1390,"1,56"
"1391",1391,"b1.64"
"1392",1392,"1.57m"
"1393",1393,"1,83"
"1394",1394,"1.85"
"1395",1395,"1,79"
"1396",1396,"1.55m"
"1397",1397,"175cm"
"1398",1398,"1.84m"
"1399",1399,"b1.72"
"1400",1400,"163"
"1401",1401,"1.57"
"1402",1402,"1,62"
"1403",1403,"1.79"
"1404",1404,"1,65"
"1405",1405,"1,73"
"1406",1406,"186cm"
"1407",1407,"?1.77"
"1408",1408,"1.86m"
"1409",1409,"1.50"
"1410",1410,"1.67"
"1411",1411,"1,71"
"1412",1412,"a1.77"
"1413",1413,"156cm"
"1414",1414,"1.80m"
"1415",1415,"174cm"
"1416",1416,"173cm"
"1417",1417,"1.76"
"1418",1418,"1.69"
"1419",1419,"1.81"
"1420",1420,"1,78"
"1421",1421,"1,68"
"1422",1422,"182cm"
"1423",1423,"174cm"
"1424",1424,"1,78"
"1425",1425,"a1.63"
"1426",1426,"1.89m"
"1427",1427,"1,70"
"1428",1428,"180cm"
"1429",1429,"169"
"1430",1430,"1.67"
"1431",1431,"1.79"
"1432",1432,"1.51m"
"1433",1433,"176cm"
"1434",1434,"a1.75"
"1435",1435,"1.38m"
"1436",1436,"1,74"
"1437",1437,"144"
"1438",1438,"178cm"
"1439",1439,"1.65"
"1440",1440,"1.62"
"1441",1441,"170cm"
"1442",1442,"?1.86"
"1443",1443,"b1.62"
"1444",1444,"1.77"
"1445",1445,"174cm"
"1446",1446,"156cm"
"1447",1447,"b1.49"
"1448",1448,"1,46"
"1449",1449,"?1.77"
"1450",1450,"1.70"
"1451",1451,"1,92"
"1452",1452,"1.77m"
"1453",1453,"180cm"
"1454",1454,"b1.86"
"1455",1455,"164cm"
"1456",1456,"1,76"
"1457",1457,"b1.80"
"1458",1458,"1,86"
"1459",1459,"b1.79"
"1460",1460,"a1.75"
"1461",1461,"1.60m"
"1462",1462,"179cm"
"1463",1463,"176"
"1464",1464,"@1.78"
"1465",1465,"1.75m"
"1466",1466,"1.68m"
"1467",1467,"1,69"
"1468",1468,"1.78"
"1469",1469,"@1.72"
"1470",1470,"1.60"
"1471",1471,"1.67m"
"1472",1472,"1,54"
"1473",1473,"b1.58"
"1474",1474,"?1.68"
"1475",1475,"148cm"
"1476",1476,"1,50"
"1477",1477,"183"
"1478",1478,"1.63m"
"1479",1479,"1.48"
"1480",1480,"1.69m"
"1481",1481,"@1.86"
"1482",1482,"a1.78"
"1483",1483,"1.75"
"1484",1484,"1,84"
"1485",1485,"1.61"
"1486",1486,"1,79"
"1487",1487,"163"
"1488",1488,"1,70"
"1489",1489,"197"
"1490",1490,"b1.82"
"1491",1491,"1.79"
"1492",1492,"157cm"
"1493",1493,"b1.61"
"1494",1494,"1.97m"
"1495",1495,"b1.57"
"1496",1496,"173"
"1497",1497,"181cm"
"1498",1498,"b1.82"
"1499",1499,"1.83m"
"1500",1500,"1,68"
"1501",1501,"160"
"1502",1502,"1,66"
"1503",1503,"1.59m"
"1504",1504,"178"
"1505",1505,"a1.83"
"1506",1506,"1.96"
"1507",1507,"1.74"
"1508",1508,"160cm"
"1509",1509,"1.82m"
"1510",1510,"181cm"
"1511",1511,"1,67"
"1512",1512,"1.51m"
"1513",1513,"?1.79"
"1514",1514,"1,84"
"1515",1515,"1,66"
"1516",1516,"1.76"
"1517",1517,"167cm"
"1518",1518,"1.78"
"1519",1519,"1.69"
"1520",1520,"1.66"
"1521",1521,"171"
"1522",1522,"1.67"
"1523",1523,"1.63"
"1524",1524,"1,66"
"1525",1525,"1.70m"
"1526",1526,"1,72"
"1527",1527,"188"
"1528",1528,"154"
"1529",1529,"a1.68"
"1530",1530,"1.78m"
"1531",1531,"1,91"
"1532",1532,"1.75m"
"1533",1533,"170cm"
"1534",1534,"166cm"
"1535",1535,"175"
"1536",1536,"a1.82"
"1537",1537,"1.68"
"1538",1538,"@1.72"
"1539",1539,"1,73"
"1540",1540,"179cm"
"1541",1541,"183cm"
"1542",1542,"1.73"
"1543",1543,"1,69"
"1544",1544,"1.87"
"1545",1545,"b1.72"
"1546",1546,"@1.89"
"1547",1547,"169cm"
"1548",1548,"a1.77"
"1549",1549,"1.51m"
"1550",1550,"169"
"1551",1551,"1.70"
"1552",1552,"b1.61"
"1553",1553,"1,58"
"1554",1554,"1.81"
"1555",1555,"181cm"
"1556",1556,"154"
"1557",1557,"1,75"
"1558",1558,"1.57m"
"1559",1559,"1,57"
"1560",1560,"176cm"
"1561",1561,"1.62m"
"1562",1562,"182cm"
"1563",1563,"a1.70"
"1564",1564,"176cm"
"1565",1565,"1.64m"
"1566",1566,"?1.56"
"1567",1567,"1.81m"
"1568",1568,"1,73"
"1569",1569,"1,67"
"1570",1570,"1,71"
"1571",1571,"1,86"
"1572",1572,"b1.62"
"1573",1573,"161cm"
"1574",1574,"163cm"
"1575",1575,"1,51"
"1576",1576,"180cm"
"1577",1577,"1.72m"
"1578",1578,"1,72"
"1579",1579,"1.69m"
"1580",1580,"164cm"
"1581",1581,"1.60m"
"1582",1582,"1.80"
"1583",1583,"b1.53"
"1584",1584,"b1.75"
"1585",1585,"?1.60"
"1586",1586,"173cm"
"1587",1587,"161"
"1588",1588,"1,64"
"1589",1589,"1.91m"
"1590",1590,"1.78"
"1591",1591,"1.44"
"1592",1592,"172cm"
"1593",1593,"1,65"
"1594",1594,"156"
"1595",1595,"b1.73"
"1596",1596,"1,72"
"1597",1597,"1,66"
"1598",1598,"1,94"
"1599",1599,"1.43"
"1600",1600,"@1.80"
"1601",1601,"1.67"
"1602",1602,"178cm"
"1603",1603,"1.65m"
"1604",1604,"1.63"
"1605",1605,"149cm"
"1606",1606,"1.67"
"1607",1607,"200cm"
"1608",1608,"182"
"1609",1609,"190"
"1610",1610,"1,81"
"1611",1611,"1.84"
"1612",1612,"1,81"
"1613",1613,"176"
"1614",1614,"1.63m"
"1615",1615,"b1.64"
"1616",1616,"1.51"
"1617",1617,"1.70m"
"1618",1618,"b1.81"
"1619",1619,"1.82m"
"1620",1620,"171cm"
"1621",1621,"1.63m"
"1622",1622,"209cm"
"1623",1623,"179cm"
"1624",1624,"187cm"
"1625",1625,"166cm"
"1626",1626,"1.70m"
"1627",1627,"175"
"1628",1628,"1,90"
"1629",1629,"1.66"
"1630",1630,"1.80m"
"1631",1631,"1.45"
"1632",1632,"1.64"
"1633",1633,"154"
"1634",1634,"1,83"
"1635",1635,"?1.68"
"1636",1636,"1.65m"
"1637",1637,"1.86"
"1638",1638,"1,83"
"1639",1639,"159"
"1640",1640,"1.75m"
"1641",1641,"1.55"
"1642",1642,"1.64m"
"1643",1643,"?1.89"
"1644",1644,"1,87"
"1645",1645,"1,83"
"1646",1646,"163"
"1647",1647,"147cm"
"1648",1648,"a1.56"
"1649",1649,"1.81m"
"1650",1650,"1.67m"
"1651",1651,"?1.44"
"1652",1652,"a1.68"
"1653",1653,"1.87"
"1654",1654,"1.78m"
"1655",1655,"160cm"
"1656",1656,"1.51m"
"1657",1657,"?1.60"
"1658",1658,"170"
"1659",1659,"1.81m"
"1660",1660,"a1.47"
"1661",1661,"182"
"1662",1662,"1.70"
"1663",1663,"1,77"
"1664",1664,"?1.50"
"1665",1665,"b1.62"
"1666",1666,"1.65"
"1667",1667,"1.83"
"1668",1668,"1.82m"
"1669",1669,"175"
"1670",1670,"189"
"1671",1671,"1.64"
"1672",1672,"1.82m"
"1673",1673,"?1.70"
"1674",1674,"@1.62"
"1675",1675,"1.81m"
"1676",1676,"187cm"
"1677",1677,"181"
"1678",1678,"164"
"1679",1679,"1.64m"
"1680",1680,"a1.87"
"1681",1681,"1.74"
"1682",1682,"180cm"
"1683",1683,"1.66"
"1684",1684,"1.85"
"1685",1685,"1.60m"
"1686",1686,"1,78"
"1687",1687,"b1.60"
"1688",1688,"1.40"
"1689",1689,"154cm"
"1690",1690,"172"
"1691",1691,"1,81"
"1692",1692,"1.49"
"1693",1693,"?1.55"
"1694",1694,"1.91"
"1695",1695,"165cm"
"1696",1696,"176cm"
"1697",1697,"164"
"1698",1698,"1,66"
"1699",1699,"171cm"
"1700",1700,"1.70m"
"1701",1701,"1.68m"
"1702",1702,"164cm"
"1703",1703,"1.33"
"1704",1704,"192cm"
"1705",1705,"1,91"
"1706",1706,"1.57"
"1707",1707,"1.68m"
"1708",1708,"1.87"
"1709",1709,"1,82"
"1710",1710,"185"
"1711",1711,"1,57"
"1712",1712,"a2.01"
"1713",1713,"1,56"
"1714",1714,"179cm"
"1715",1715,"1,72"
"1716",1716,"1.65"
"1717",1717,"165"
"1718",1718,"1.58"
"1719",1719,"b1.89"
"1720",1720,"@1.71"
"1721",1721,"b1.73"
"1722",1722,"173"
"1723",1723,"?1.65"
"1724",1724,"1,56"
"1725",1725,"@1.73"
"1726",1726,"145"
"1727",1727,"153cm"
"1728",1728,"1.57"
"1729",1729,"1.57m"
"1730",1730,"1.71m"
"1731",1731,"189"
"1732",1732,"1.52"
"1733",1733,"175cm"
"1734",1734,"1,81"
"1735",1735,"a1.58"
"1736",1736,"a1.69"
"1737",1737,"1.80"
"1738",1738,"167"
"1739",1739,"b1.67"
"1740",1740,"174cm"
"1741",1741,"1.69m"
"1742",1742,"1,63"
"1743",1743,"?1.68"
"1744",1744,"1.93"
"1745",1745,"180cm"
"1746",1746,"1.59"
"1747",1747,"1.55m"
"1748",1748,"1,66"
"1749",1749,"1,86"
"1750",1750,"1.74"
"1751",1751,"162cm"
"1752",1752,"181"
"1753",1753,"@1.68"
"1754",1754,"157"
"1755",1755,"176cm"
"1756",1756,"1.88"
"1757",1757,"1.75"
"1758",1758,"172"
"1759",1759,"162"
"1760",1760,"1.77m"
"1761",1761,"1.57m"
"1762",1762,"150cm"
"1763",1763,"169cm"
"1764",1764,"b1.70"
"1765",1765,"1,98"
"1766",1766,"155cm"
"1767",1767,"b1.72"
"1768",1768,"b1.80"
"1769",1769,"1.83m"
"1770",1770,"170cm"
"1771",1771,"161"
"1772",1772,"a1.69"
"1773",1773,"1.93m"
"1774",1774,"1.76"
"1775",1775,"1,45"
"1776",1776,"187"
"1777",1777,"176cm"
"1778",1778,"170cm"
"1779",1779,"170cm"
"1780",1780,"@1.68"
"1781",1781,"1.73"
"1782",1782,"?1.64"
"1783",1783,"1,73"
"1784",1784,"1.59m"
"1785",1785,"172"
"1786",1786,"183"
"1787",1787,"176cm"
"1788",1788,"1.82m"
"1789",1789,"@1.57"
"1790",1790,"171"
"1791",1791,"a1.77"
"1792",1792,"a1.57"
"1793",1793,"189"
"1794",1794,"158"
"1795",1795,"1.72"
"1796",1796,"1.72"
"1797",1797,"1,71"
"1798",1798,"1.67"
"1799",1799,"@1.75"
"1800",1800,"1.58m"
"1801",1801,"1.55"
"1802",1802,"1.62"
"1803",1803,"a1.69"
"1804",1804,"1.85"
"1805",1805,"189"
"1806",1806,"174cm"
"1807",1807,"1,75"
"1808",1808,"1,67"
"1809",1809,"1,71"
"1810",1810,"@1.53"
"1811",1811,"1.73"
"1812",1812,"164cm"
"1813",1813,"174"
"1814",1814,"1.66"
"1815",1815,"1,62"
"1816",1816,"1,67"
"1817",1817,"166"
"1818",1818,"1.83"
"1819",1819,"1.73m"
"1820",1820,"1,75"
"1821",1821,"1.55m"
"1822",1822,"1.88m"
"1823",1823,"1.72"
"1824",1824,"1.60m"
"1825",1825,"1,74"
"1826",1826,"1.80"
"1827",1827,"1,53"
"1828",1828,"190"
"1829",1829,"@1.68"
"1830",1830,"1,83"
"1831",1831,"1.71"
"1832",1832,"1,66"
"1833",1833,"148"
"1834",1834,"157cm"
"1835",1835,"170cm"
"1836",1836,"?1.80"
"1837",1837,"?1.47"
"1838",1838,"187cm"
"1839",1839,"1.87"
"1840",1840,"@1.56"
"1841",1841,"1.76m"
"1842",1842,"1.58"
"1843",1843,"1.68m"
"1844",1844,"1.81"
"1845",1845,"1.80m"
"1846",1846,"160cm"
"1847",1847,"165cm"
"1848",1848,"?1.58"
"1849",1849,"1,74"
"1850",1850,"b1.51"
"1851",1851,"138cm"
"1852",1852,"188"
"1853",1853,"1,97"
"1854",1854,"1.65"
"1855",1855,"1.79"
"1856",1856,"1.70"
"1857",1857,"188cm"
"1858",1858,"177"
"1859",1859,"1.72"
"1860",1860,"1.48"
"1861",1861,"183"
"1862",1862,"166cm"
"1863",1863,"1.53m"
"1864",1864,"168cm"
"1865",1865,"1,68"
"1866",1866,"1.83m"
"1867",1867,"156"
"1868",1868,"?1.63"
"1869",1869,"188"
"1870",1870,"1,86"
"1871",1871,"1.84"
"1872",1872,"?1.90"
"1873",1873,"172cm"
"1874",1874,"163"
"1875",1875,"@1.77"
"1876",1876,"b1.83"
"1877",1877,"199"
"1878",1878,"146"
"1879",1879,"1.73"
"1880",1880,"178cm"
"1881",1881,"1.69m"
"1882",1882,"1.51"
"1883",1883,"179"
"1884",1884,"1.61"
"1885",1885,"1.76m"
"1886",1886,"181cm"
"1887",1887,"1.85m"
"1888",1888,"1,51"
"1889",1889,"1,83"
"1890",1890,"161"
"1891",1891,"1,55"
"1892",1892,"1,86"
"1893",1893,"1.84"
"1894",1894,"167"
"1895",1895,"1,79"
"1896",1896,"1,60"
"1897",1897,"168cm"
"1898",1898,"1.69m"
"1899",1899,"1.67"
"1900",1900,"179"
"1901",1901,"1.88m"
"1902",1902,"165"
"1903",1903,"1,70"
"1904",1904,"1.90m"
"1905",1905,"1.66m"
"1906",1906,"1.39m"
"1907",1907,"1.76"
"1908",1908,"1.59"
"1909",1909,"1.58m"
"1910",1910,"1.87m"
"1911",1911,"199"
"1912",1912,"1.58m"
"1913",1913,"182"
"1914",1914,"169"
"1915",1915,"1.72"
"1916",1916,"?1.85"
"1917",1917,"1.73m"
"1918",1918,"1.60"
"1919",1919,"164"
"1920",1920,"178"
"1921",1921,"1.42"
"1922",1922,"183"
"1923",1923,"151cm"
"1924",1924,"1.70"
"1925",1925,"@1.68"
"1926",1926,"186"
"1927",1927,"1.72m"
"1928",1928,"171cm"
"1929",1929,"1.78"
"1930",1930,"1.60m"
"1931",1931,"1.68"
"1932",1932,"1.84m"
"1933",1933,"a1.78"
"1934",1934,"155"
"1935",1935,"1,78"
"1936",1936,"1.53"
"1937",1937,"163"
"1938",1938,"1.85m"
"1939",1939,"143cm"
"1940",1940,"149"
"1941",1941,"@1.86"
"1942",1942,"b1.60"
"1943",1943,"1.85m"
"1944",1944,"168cm"
"1945",1945,"1,75"
"1946",1946,"180cm"
"1947",1947,"b1.62"
"1948",1948,"1.66"
"1949",1949,"165"
"1950",1950,"2,04"
"1951",1951,"1,72"
"1952",1952,"a1.76"
"1953",1953,"1.66m"
"1954",1954,"a1.67"
"1955",1955,"1.87"
"1956",1956,"1.66"
"1957",1957,"1.70m"
"1958",1958,"@1.75"
"1959",1959,"?1.65"
"1960",1960,"1.94"
"1961",1961,"1.53m"
"1962",1962,"1,94"
"1963",1963,"1.66m"
"1964",1964,"186"
"1965",1965,"146cm"
"1966",1966,"181"
"1967",1967,"a1.81"
"1968",1968,"1,55"
"1969",1969,"161"
"1970",1970,"172"
"1971",1971,"1,84"
"1972",1972,"1.61m"
"1973",1973,"1,67"
"1974",1974,"1.89"
"1975",1975,"156cm"
"1976",1976,"181cm"
"1977",1977,"175cm"
"1978",1978,"1.57m"
"1979",1979,"162cm"
"1980",1980,"@1.79"
"1981",1981,"1.73"
"1982",1982,"187"
"1983",1983,"163cm"
"1984",1984,"1,49"
"1985",1985,"1.83"
"1986",1986,"1.63m"
"1987",1987,"171cm"
"1988",1988,"1.91m"
"1989",1989,"1.67m"
"1990",1990,"1,89"
"1991",1991,"157"
"1992",1992,"?1.81"
"1993",1993,"a1.73"
"1994",1994,"1.61m"
"1995",1995,"1.55"
"1996",1996,"171"
"1997",1997,"173"
"1998",1998,"173cm"
"1999",1999,"a1.76"
"2000",2000,"164cm"
